model,r2,rmse,mae,mse,mape
Rating Prediction (Train),0.9041085915081323,0.05832276649313356,0.04818326599146431,0.0034015450914125825,1.0483650784057366
